country_name,genres,count
Argentina,action,369
Argentina,adult,16
Argentina,adventure,267
Argentina,animation,167
Argentina,biography,91
Argentina,comedy,583
Argentina,crime,427
Argentina,documentary,144
Argentina,drama,1333
Argentina,family,113
Argentina,fantasy,72
Argentina,film-noir,8
Argentina,game-show,7
Argentina,history,46
Argentina,horror,106
Argentina,music,100
Argentina,musical,25
Argentina,mystery,190
Argentina,news,27
Argentina,reality-tv,31
Argentina,romance,415
Argentina,sci-fi,49
Argentina,short,265
Argentina,sport,23
Argentina,talk-show,123
Argentina,thriller,180
Argentina,war,34
Argentina,western,18
Australia,action,415
Australia,adult,17
Australia,adventure,334
Australia,animation,198
Australia,biography,52
Australia,comedy,681
Australia,crime,384
Australia,documentary,271
Australia,drama,888
Australia,family,142
Australia,fantasy,134
Australia,film-noir,13
Australia,game-show,22
Australia,history,63
Australia,horror,103
Australia,music,33
Australia,musical,35
Australia,mystery,145
Australia,news,31
Australia,reality-tv,106
Australia,romance,224
Australia,sci-fi,45
Australia,short,246
Australia,sport,52
Australia,talk-show,176
Australia,thriller,144
Australia,war,38
Australia,western,18
Austria,action,470
Austria,adult,16
Austria,adventure,331
Austria,animation,129
Austria,biography,52
Austria,comedy,708
Austria,crime,422
Austria,documentary,218
Austria,drama,975
Austria,family,118
Austria,fantasy,137
Austria,film-noir,9
Austria,game-show,13
Austria,history,49
Austria,horror,125
Austria,music,51
Austria,musical,46
Austria,mystery,175
Austria,news,38
Austria,reality-tv,42
Austria,romance,284
Austria,sci-fi,67
Austria,short,280
Austria,sport,37
Austria,talk-show,148
Austria,thriller,169
Austria,war,41
Austria,western,15
Bahamas,action,530
Bahamas,adult,27
Bahamas,adventure,316
Bahamas,animation,201
Bahamas,biography,40
Bahamas,comedy,673
Bahamas,crime,438
Bahamas,documentary,161
Bahamas,drama,1110
Bahamas,family,139
Bahamas,fantasy,98
Bahamas,film-noir,10
Bahamas,game-show,15
Bahamas,history,40
Bahamas,horror,95
Bahamas,music,25
Bahamas,musical,14
Bahamas,mystery,168
Bahamas,news,26
Bahamas,reality-tv,52
Bahamas,romance,272
Bahamas,sci-fi,42
Bahamas,short,272
Bahamas,sport,31
Bahamas,talk-show,139
Bahamas,thriller,189
Bahamas,war,20
Bahamas,western,22
Bahrain,action,545
Bahrain,adult,12
Bahrain,adventure,305
Bahrain,animation,127
Bahrain,biography,62
Bahrain,comedy,627
Bahrain,crime,446
Bahrain,documentary,192
Bahrain,drama,1122
Bahrain,family,129
Bahrain,fantasy,156
Bahrain,film-noir,8
Bahrain,game-show,26
Bahrain,history,54
Bahrain,horror,109
Bahrain,music,51
Bahrain,musical,62
Bahrain,mystery,182
Bahrain,news,31
Bahrain,reality-tv,61
Bahrain,romance,298
Bahrain,sci-fi,50
Bahrain,short,259
Bahrain,sport,35
Bahrain,talk-show,128
Bahrain,thriller,225
Bahrain,war,26
Bahrain,western,17
Bangladesh,action,665
Bangladesh,adult,2
Bangladesh,adventure,216
Bangladesh,animation,136
Bangladesh,biography,80
Bangladesh,comedy,697
Bangladesh,crime,520
Bangladesh,documentary,140
Bangladesh,drama,1294
Bangladesh,family,94
Bangladesh,fantasy,194
Bangladesh,film-noir,5
Bangladesh,game-show,6
Bangladesh,history,56
Bangladesh,horror,103
Bangladesh,music,66
Bangladesh,musical,70
Bangladesh,mystery,173
Bangladesh,news,27
Bangladesh,reality-tv,14
Bangladesh,romance,398
Bangladesh,sci-fi,36
Bangladesh,short,225
Bangladesh,sport,25
Bangladesh,talk-show,101
Bangladesh,thriller,226
Bangladesh,war,15
Bangladesh,western,12
Belgium,action,442
Belgium,adult,18
Belgium,adventure,338
Belgium,animation,138
Belgium,biography,53
Belgium,comedy,700
Belgium,crime,400
Belgium,documentary,201
Belgium,drama,1014
Belgium,family,120
Belgium,fantasy,130
Belgium,film-noir,9
Belgium,game-show,6
Belgium,history,57
Belgium,horror,130
Belgium,music,48
Belgium,musical,45
Belgium,mystery,188
Belgium,news,36
Belgium,reality-tv,49
Belgium,romance,270
Belgium,sci-fi,61
Belgium,short,244
Belgium,sport,44
Belgium,talk-show,179
Belgium,thriller,167
Belgium,war,39
Belgium,western,9
Bolivia,action,443
Bolivia,adult,11
Bolivia,adventure,370
Bolivia,animation,355
Bolivia,biography,128
Bolivia,comedy,768
Bolivia,crime,396
Bolivia,documentary,87
Bolivia,drama,1291
Bolivia,family,123
Bolivia,fantasy,123
Bolivia,film-noir,6
Bolivia,game-show,9
Bolivia,history,39
Bolivia,horror,96
Bolivia,music,58
Bolivia,musical,37
Bolivia,mystery,118
Bolivia,news,22
Bolivia,reality-tv,40
Bolivia,romance,486
Bolivia,sci-fi,47
Bolivia,short,202
Bolivia,sport,22
Bolivia,talk-show,118
Bolivia,thriller,139
Bolivia,war,23
Bolivia,western,8
Brazil,action,456
Brazil,adult,13
Brazil,adventure,378
Brazil,animation,204
Brazil,biography,34
Brazil,comedy,702
Brazil,crime,358
Brazil,documentary,119
Brazil,drama,1057
Brazil,family,345
Brazil,fantasy,112
Brazil,film-noir,9
Brazil,game-show,10
Brazil,history,39
Brazil,horror,93
Brazil,music,116
Brazil,musical,68
Brazil,mystery,148
Brazil,news,29
Brazil,reality-tv,51
Brazil,romance,374
Brazil,sci-fi,59
Brazil,short,252
Brazil,sport,10
Brazil,talk-show,113
Brazil,thriller,171
Brazil,war,23
Brazil,western,17
Bulgaria,action,462
Bulgaria,adult,21
Bulgaria,adventure,326
Bulgaria,animation,165
Bulgaria,biography,49
Bulgaria,comedy,659
Bulgaria,crime,376
Bulgaria,documentary,227
Bulgaria,drama,993
Bulgaria,family,88
Bulgaria,fantasy,114
Bulgaria,film-noir,12
Bulgaria,game-show,17
Bulgaria,history,50
Bulgaria,horror,124
Bulgaria,music,60
Bulgaria,musical,62
Bulgaria,mystery,183
Bulgaria,news,43
Bulgaria,reality-tv,54
Bulgaria,romance,330
Bulgaria,sci-fi,57
Bulgaria,short,260
Bulgaria,sport,38
Bulgaria,talk-show,173
Bulgaria,thriller,139
Bulgaria,war,33
Bulgaria,western,16
Canada,action,381
Canada,adult,15
Canada,adventure,264
Canada,animation,140
Canada,biography,61
Canada,comedy,688
Canada,crime,428
Canada,documentary,316
Canada,drama,899
Canada,family,129
Canada,fantasy,90
Canada,film-noir,12
Canada,game-show,27
Canada,history,60
Canada,horror,127
Canada,music,24
Canada,musical,29
Canada,mystery,169
Canada,news,37
Canada,reality-tv,119
Canada,romance,251
Canada,sci-fi,44
Canada,short,246
Canada,sport,61
Canada,talk-show,170
Canada,thriller,146
Canada,war,30
Canada,western,11
Chile,action,415
Chile,adult,12
Chile,adventure,311
Chile,animation,221
Chile,biography,100
Chile,comedy,643
Chile,crime,396
Chile,documentary,117
Chile,drama,1329
Chile,family,124
Chile,fantasy,97
Chile,film-noir,7
Chile,game-show,8
Chile,history,51
Chile,horror,100
Chile,music,87
Chile,musical,27
Chile,mystery,141
Chile,news,26
Chile,reality-tv,35
Chile,romance,486
Chile,sci-fi,52
Chile,short,224
Chile,sport,24
Chile,talk-show,122
Chile,thriller,158
Chile,war,30
Chile,western,15
Colombia,action,448
Colombia,adult,14
Colombia,adventure,291
Colombia,animation,181
Colombia,biography,146
Colombia,comedy,626
Colombia,crime,434
Colombia,documentary,123
Colombia,drama,1317
Colombia,family,149
Colombia,fantasy,104
Colombia,film-noir,6
Colombia,game-show,8
Colombia,history,42
Colombia,horror,118
Colombia,music,43
Colombia,musical,24
Colombia,mystery,160
Colombia,news,30
Colombia,reality-tv,38
Colombia,romance,428
Colombia,sci-fi,56
Colombia,short,260
Colombia,sport,18
Colombia,talk-show,124
Colombia,thriller,184
Colombia,war,25
Colombia,western,13
Costa Rica,action,341
Costa Rica,adult,15
Costa Rica,adventure,264
Costa Rica,animation,185
Costa Rica,biography,155
Costa Rica,comedy,618
Costa Rica,crime,401
Costa Rica,documentary,121
Costa Rica,drama,1363
Costa Rica,family,133
Costa Rica,fantasy,84
Costa Rica,film-noir,8
Costa Rica,game-show,13
Costa Rica,history,40
Costa Rica,horror,95
Costa Rica,music,96
Costa Rica,musical,25
Costa Rica,mystery,127
Costa Rica,news,29
Costa Rica,reality-tv,42
Costa Rica,romance,522
Costa Rica,sci-fi,42
Costa Rica,short,224
Costa Rica,sport,24
Costa Rica,talk-show,124
Costa Rica,thriller,156
Costa Rica,war,24
Costa Rica,western,13
Croatia,action,363
Croatia,adult,23
Croatia,adventure,326
Croatia,animation,179
Croatia,biography,62
Croatia,comedy,699
Croatia,crime,398
Croatia,documentary,282
Croatia,drama,983
Croatia,family,127
Croatia,fantasy,95
Croatia,film-noir,10
Croatia,game-show,15
Croatia,history,65
Croatia,horror,114
Croatia,music,59
Croatia,musical,56
Croatia,mystery,201
Croatia,news,36
Croatia,reality-tv,55
Croatia,romance,290
Croatia,sci-fi,43
Croatia,short,259
Croatia,sport,59
Croatia,talk-show,147
Croatia,thriller,135
Croatia,war,30
Croatia,western,15
Cyprus,action,457
Cyprus,adult,16
Cyprus,adventure,330
Cyprus,animation,176
Cyprus,biography,45
Cyprus,comedy,628
Cyprus,crime,384
Cyprus,documentary,209
Cyprus,drama,958
Cyprus,family,141
Cyprus,fantasy,97
Cyprus,film-noir,7
Cyprus,game-show,14
Cyprus,history,49
Cyprus,horror,93
Cyprus,music,84
Cyprus,musical,93
Cyprus,mystery,170
Cyprus,news,25
Cyprus,reality-tv,61
Cyprus,romance,382
Cyprus,sci-fi,50
Cyprus,short,327
Cyprus,sport,37
Cyprus,talk-show,143
Cyprus,thriller,157
Cyprus,war,35
Cyprus,western,88
Czech Republic,action,467
Czech Republic,adult,21
Czech Republic,adventure,416
Czech Republic,animation,275
Czech Republic,biography,60
Czech Republic,comedy,691
Czech Republic,crime,364
Czech Republic,documentary,220
Czech Republic,drama,926
Czech Republic,family,121
Czech Republic,fantasy,107
Czech Republic,film-noir,9
Czech Republic,game-show,18
Czech Republic,history,51
Czech Republic,horror,128
Czech Republic,music,57
Czech Republic,musical,67
Czech Republic,mystery,197
Czech Republic,news,42
Czech Republic,reality-tv,69
Czech Republic,romance,255
Czech Republic,sci-fi,34
Czech Republic,short,249
Czech Republic,sport,41
Czech Republic,talk-show,139
Czech Republic,thriller,149
Czech Republic,war,33
Czech Republic,western,10
Denmark,action,444
Denmark,adult,11
Denmark,adventure,345
Denmark,animation,209
Denmark,biography,63
Denmark,comedy,611
Denmark,crime,427
Denmark,documentary,305
Denmark,drama,978
Denmark,family,103
Denmark,fantasy,98
Denmark,film-noir,9
Denmark,game-show,10
Denmark,history,71
Denmark,horror,105
Denmark,music,58
Denmark,musical,51
Denmark,mystery,165
Denmark,news,35
Denmark,reality-tv,72
Denmark,romance,280
Denmark,sci-fi,40
Denmark,short,243
Denmark,sport,50
Denmark,talk-show,129
Denmark,thriller,147
Denmark,war,46
Denmark,western,29
Dominican Republic,action,497
Dominican Republic,adult,19
Dominican Republic,adventure,313
Dominican Republic,animation,171
Dominican Republic,biography,141
Dominican Republic,comedy,555
Dominican Republic,crime,489
Dominican Republic,documentary,104
Dominican Republic,drama,1347
Dominican Republic,family,128
Dominican Republic,fantasy,127
Dominican Republic,film-noir,6
Dominican Republic,game-show,5
Dominican Republic,history,33
Dominican Republic,horror,96
Dominican Republic,music,74
Dominican Republic,musical,15
Dominican Republic,mystery,130
Dominican Republic,news,26
Dominican Republic,reality-tv,22
Dominican Republic,romance,484
Dominican Republic,sci-fi,56
Dominican Republic,short,234
Dominican Republic,sport,23
Dominican Republic,talk-show,121
Dominican Republic,thriller,168
Dominican Republic,war,18
Dominican Republic,western,9
Ecuador,action,396
Ecuador,adult,16
Ecuador,adventure,302
Ecuador,animation,228
Ecuador,biography,157
Ecuador,comedy,684
Ecuador,crime,432
Ecuador,documentary,95
Ecuador,drama,1359
Ecuador,family,139
Ecuador,fantasy,95
Ecuador,film-noir,8
Ecuador,game-show,8
Ecuador,history,35
Ecuador,horror,90
Ecuador,music,98
Ecuador,musical,24
Ecuador,mystery,107
Ecuador,news,23
Ecuador,reality-tv,32
Ecuador,romance,555
Ecuador,sci-fi,53
Ecuador,short,204
Ecuador,sport,22
Ecuador,talk-show,107
Ecuador,thriller,160
Ecuador,war,20
Ecuador,western,9
Egypt,action,437
Egypt,adult,10
Egypt,adventure,309
Egypt,animation,184
Egypt,biography,40
Egypt,comedy,730
Egypt,crime,362
Egypt,documentary,154
Egypt,drama,981
Egypt,family,149
Egypt,fantasy,139
Egypt,film-noir,12
Egypt,game-show,8
Egypt,history,43
Egypt,horror,118
Egypt,music,71
Egypt,musical,83
Egypt,mystery,178
Egypt,news,33
Egypt,reality-tv,30
Egypt,romance,339
Egypt,sci-fi,50
Egypt,short,294
Egypt,sport,23
Egypt,talk-show,154
Egypt,thriller,157
Egypt,war,25
Egypt,western,46
El Salvador,action,414
El Salvador,adult,15
El Salvador,adventure,302
El Salvador,animation,226
El Salvador,biography,154
El Salvador,comedy,675
El Salvador,crime,454
El Salvador,documentary,96
El Salvador,drama,1365
El Salvador,family,130
El Salvador,fantasy,106
El Salvador,film-noir,6
El Salvador,game-show,7
El Salvador,history,43
El Salvador,horror,92
El Salvador,music,74
El Salvador,musical,18
El Salvador,mystery,111
El Salvador,news,23
El Salvador,reality-tv,31
El Salvador,romance,537
El Salvador,sci-fi,46
El Salvador,short,196
El Salvador,sport,22
El Salvador,talk-show,101
El Salvador,thriller,159
El Salvador,war,19
El Salvador,western,10
Estonia,action,394
Estonia,adult,12
Estonia,adventure,332
Estonia,animation,191
Estonia,biography,50
Estonia,comedy,703
Estonia,crime,352
Estonia,documentary,255
Estonia,drama,857
Estonia,family,98
Estonia,fantasy,144
Estonia,film-noir,12
Estonia,game-show,14
Estonia,history,44
Estonia,horror,146
Estonia,music,63
Estonia,musical,66
Estonia,mystery,153
Estonia,news,35
Estonia,reality-tv,64
Estonia,romance,331
Estonia,sci-fi,61
Estonia,short,310
Estonia,sport,38
Estonia,talk-show,157
Estonia,thriller,127
Estonia,war,39
Estonia,western,91
Finland,action,482
Finland,adult,11
Finland,adventure,321
Finland,animation,218
Finland,biography,60
Finland,comedy,604
Finland,crime,448
Finland,documentary,271
Finland,drama,992
Finland,family,119
Finland,fantasy,103
Finland,film-noir,12
Finland,game-show,8
Finland,history,64
Finland,horror,135
Finland,music,83
Finland,musical,79
Finland,mystery,180
Finland,news,31
Finland,reality-tv,44
Finland,romance,247
Finland,sci-fi,47
Finland,short,230
Finland,sport,53
Finland,talk-show,134
Finland,thriller,167
Finland,war,49
Finland,western,27
France,action,483
France,adult,18
France,adventure,341
France,animation,163
France,biography,40
France,comedy,649
France,crime,452
France,documentary,153
France,drama,1084
France,family,131
France,fantasy,133
France,film-noir,7
France,game-show,5
France,history,46
France,horror,127
France,music,60
France,musical,41
France,mystery,177
France,news,34
France,reality-tv,40
France,romance,264
France,sci-fi,91
France,short,280
France,sport,31
France,talk-show,155
France,thriller,183
France,war,32
France,western,12
Germany,action,511
Germany,adult,12
Germany,adventure,379
Germany,animation,155
Germany,biography,42
Germany,comedy,699
Germany,crime,431
Germany,documentary,190
Germany,drama,973
Germany,family,146
Germany,fantasy,155
Germany,film-noir,9
Germany,game-show,13
Germany,history,49
Germany,horror,122
Germany,music,47
Germany,musical,46
Germany,mystery,164
Germany,news,38
Germany,reality-tv,36
Germany,romance,242
Germany,sci-fi,68
Germany,short,281
Germany,sport,31
Germany,talk-show,153
Germany,thriller,165
Germany,war,43
Germany,western,15
Greece,action,455
Greece,adult,16
Greece,adventure,353
Greece,animation,185
Greece,biography,50
Greece,comedy,586
Greece,crime,426
Greece,documentary,177
Greece,drama,1071
Greece,family,117
Greece,fantasy,121
Greece,film-noir,7
Greece,game-show,6
Greece,history,60
Greece,horror,122
Greece,music,57
Greece,musical,58
Greece,mystery,211
Greece,news,29
Greece,reality-tv,40
Greece,romance,345
Greece,sci-fi,77
Greece,short,297
Greece,sport,33
Greece,talk-show,152
Greece,thriller,172
Greece,war,37
Greece,western,45
Guadeloupe,action,535
Guadeloupe,adult,19
Guadeloupe,adventure,337
Guadeloupe,animation,162
Guadeloupe,biography,32
Guadeloupe,comedy,659
Guadeloupe,crime,444
Guadeloupe,documentary,141
Guadeloupe,drama,1089
Guadeloupe,family,118
Guadeloupe,fantasy,115
Guadeloupe,film-noir,8
Guadeloupe,game-show,11
Guadeloupe,history,34
Guadeloupe,horror,109
Guadeloupe,music,78
Guadeloupe,musical,35
Guadeloupe,mystery,158
Guadeloupe,news,24
Guadeloupe,reality-tv,57
Guadeloupe,romance,283
Guadeloupe,sci-fi,71
Guadeloupe,short,272
Guadeloupe,sport,23
Guadeloupe,talk-show,148
Guadeloupe,thriller,202
Guadeloupe,war,14
Guadeloupe,western,16
Guatemala,action,362
Guatemala,adult,14
Guatemala,adventure,282
Guatemala,animation,210
Guatemala,biography,155
Guatemala,comedy,668
Guatemala,crime,415
Guatemala,documentary,105
Guatemala,drama,1363
Guatemala,family,140
Guatemala,fantasy,92
Guatemala,film-noir,8
Guatemala,game-show,8
Guatemala,history,42
Guatemala,horror,87
Guatemala,music,80
Guatemala,musical,31
Guatemala,mystery,124
Guatemala,news,22
Guatemala,reality-tv,35
Guatemala,romance,517
Guatemala,sci-fi,46
Guatemala,short,221
Guatemala,sport,20
Guatemala,talk-show,109
Guatemala,thriller,154
Guatemala,war,21
Guatemala,western,12
Honduras,action,390
Honduras,adult,15
Honduras,adventure,271
Honduras,animation,183
Honduras,biography,148
Honduras,comedy,667
Honduras,crime,437
Honduras,documentary,87
Honduras,drama,1400
Honduras,family,137
Honduras,fantasy,101
Honduras,film-noir,7
Honduras,game-show,6
Honduras,history,38
Honduras,horror,93
Honduras,music,74
Honduras,musical,19
Honduras,mystery,120
Honduras,news,22
Honduras,reality-tv,30
Honduras,romance,575
Honduras,sci-fi,49
Honduras,short,202
Honduras,sport,24
Honduras,talk-show,103
Honduras,thriller,160
Honduras,war,20
Honduras,western,14
Hong Kong,action,693
Hong Kong,adult,3
Hong Kong,adventure,344
Hong Kong,animation,214
Hong Kong,biography,40
Hong Kong,comedy,684
Hong Kong,crime,346
Hong Kong,documentary,135
Hong Kong,drama,1079
Hong Kong,family,60
Hong Kong,fantasy,272
Hong Kong,film-noir,7
Hong Kong,game-show,21
Hong Kong,history,57
Hong Kong,horror,147
Hong Kong,music,38
Hong Kong,musical,41
Hong Kong,mystery,165
Hong Kong,news,15
Hong Kong,reality-tv,48
Hong Kong,romance,426
Hong Kong,sci-fi,79
Hong Kong,short,212
Hong Kong,sport,25
Hong Kong,talk-show,106
Hong Kong,thriller,179
Hong Kong,war,35
Hong Kong,western,3
Hungary,action,447
Hungary,adult,25
Hungary,adventure,342
Hungary,animation,197
Hungary,biography,63
Hungary,comedy,656
Hungary,crime,428
Hungary,documentary,204
Hungary,drama,1080
Hungary,family,119
Hungary,fantasy,101
Hungary,film-noir,11
Hungary,game-show,6
Hungary,history,54
Hungary,horror,120
Hungary,music,46
Hungary,musical,44
Hungary,mystery,214
Hungary,news,39
Hungary,reality-tv,29
Hungary,romance,347
Hungary,sci-fi,44
Hungary,short,251
Hungary,sport,43
Hungary,talk-show,154
Hungary,thriller,162
Hungary,war,32
Hungary,western,14
Iceland,action,388
Iceland,adult,16
Iceland,adventure,297
Iceland,animation,183
Iceland,biography,54
Iceland,comedy,704
Iceland,crime,441
Iceland,documentary,328
Iceland,drama,872
Iceland,family,112
Iceland,fantasy,97
Iceland,film-noir,9
Iceland,game-show,24
Iceland,history,61
Iceland,horror,110
Iceland,music,58
Iceland,musical,62
Iceland,mystery,166
Iceland,news,39
Iceland,reality-tv,118
Iceland,romance,271
Iceland,sci-fi,48
Iceland,short,207
Iceland,sport,47
Iceland,talk-show,146
Iceland,thriller,136
Iceland,war,38
Iceland,western,15
India,action,711
India,adult,2
India,adventure,191
India,animation,94
India,biography,72
India,comedy,644
India,crime,596
India,documentary,164
India,drama,1307
India,family,96
India,fantasy,197
India,film-noir,4
India,game-show,9
India,history,44
India,horror,92
India,music,49
India,musical,48
India,mystery,156
India,news,29
India,reality-tv,22
India,romance,392
India,sci-fi,40
India,short,242
India,sport,28
India,talk-show,102
India,thriller,265
India,war,11
India,western,25
Indonesia,action,593
Indonesia,adult,8
Indonesia,adventure,238
Indonesia,animation,133
Indonesia,biography,32
Indonesia,comedy,727
Indonesia,crime,368
Indonesia,documentary,116
Indonesia,drama,1264
Indonesia,family,91
Indonesia,fantasy,236
Indonesia,film-noir,6
Indonesia,game-show,10
Indonesia,history,62
Indonesia,horror,159
Indonesia,music,25
Indonesia,musical,47
Indonesia,mystery,158
Indonesia,news,17
Indonesia,reality-tv,20
Indonesia,romance,536
Indonesia,sci-fi,32
Indonesia,short,213
Indonesia,sport,16
Indonesia,talk-show,114
Indonesia,thriller,201
Indonesia,war,21
Indonesia,western,5
Ireland,action,325
Ireland,adult,19
Ireland,adventure,316
Ireland,animation,227
Ireland,biography,73
Ireland,comedy,641
Ireland,crime,438
Ireland,documentary,304
Ireland,drama,954
Ireland,family,194
Ireland,fantasy,107
Ireland,film-noir,9
Ireland,game-show,13
Ireland,history,69
Ireland,horror,105
Ireland,music,30
Ireland,musical,41
Ireland,mystery,175
Ireland,news,31
Ireland,reality-tv,77
Ireland,romance,249
Ireland,sci-fi,32
Ireland,short,217
Ireland,sport,79
Ireland,talk-show,149
Ireland,thriller,159
Ireland,war,36
Ireland,western,15
Israel,action,465
Israel,adult,18
Israel,adventure,339
Israel,animation,191
Israel,biography,51
Israel,comedy,621
Israel,crime,403
Israel,documentary,232
Israel,drama,996
Israel,family,94
Israel,fantasy,102
Israel,film-noir,9
Israel,game-show,14
Israel,history,56
Israel,horror,94
Israel,music,104
Israel,musical,112
Israel,mystery,160
Israel,news,25
Israel,reality-tv,63
Israel,romance,293
Israel,sci-fi,40
Israel,short,260
Israel,sport,42
Israel,talk-show,118
Israel,thriller,180
Israel,war,36
Israel,western,18
Italy,action,432
Italy,adult,23
Italy,adventure,280
Italy,animation,111
Italy,biography,56
Italy,comedy,664
Italy,crime,464
Italy,documentary,151
Italy,drama,1135
Italy,family,131
Italy,fantasy,140
Italy,film-noir,8
Italy,game-show,4
Italy,history,53
Italy,horror,118
Italy,music,74
Italy,musical,66
Italy,mystery,188
Italy,news,27
Italy,reality-tv,22
Italy,romance,329
Italy,sci-fi,59
Italy,short,274
Italy,sport,27
Italy,talk-show,140
Italy,thriller,147
Italy,war,23
Italy,western,16
Jamaica,action,621
Jamaica,adult,26
Jamaica,adventure,381
Jamaica,animation,246
Jamaica,biography,31
Jamaica,comedy,633
Jamaica,crime,407
Jamaica,documentary,142
Jamaica,drama,1082
Jamaica,family,148
Jamaica,fantasy,123
Jamaica,film-noir,8
Jamaica,game-show,8
Jamaica,history,40
Jamaica,horror,87
Jamaica,music,24
Jamaica,musical,17
Jamaica,mystery,155
Jamaica,news,27
Jamaica,reality-tv,43
Jamaica,romance,272
Jamaica,sci-fi,57
Jamaica,short,279
Jamaica,sport,25
Jamaica,talk-show,142
Jamaica,thriller,206
Jamaica,war,20
Jamaica,western,19
Japan,action,683
Japan,adult,5
Japan,adventure,514
Japan,animation,409
Japan,biography,25
Japan,comedy,627
Japan,crime,253
Japan,documentary,31
Japan,drama,1157
Japan,family,164
Japan,fantasy,262
Japan,film-noir,8
Japan,game-show,12
Japan,history,49
Japan,horror,82
Japan,music,15
Japan,musical,25
Japan,mystery,158
Japan,news,6
Japan,reality-tv,29
Japan,romance,539
Japan,sci-fi,69
Japan,short,127
Japan,sport,39
Japan,talk-show,93
Japan,thriller,137
Japan,war,27
Japan,western,7
Jordan,action,443
Jordan,adult,15
Jordan,adventure,271
Jordan,animation,130
Jordan,biography,42
Jordan,comedy,609
Jordan,crime,385
Jordan,documentary,156
Jordan,drama,944
Jordan,family,115
Jordan,fantasy,131
Jordan,film-noir,14
Jordan,game-show,10
Jordan,history,48
Jordan,horror,125
Jordan,music,55
Jordan,musical,63
Jordan,mystery,163
Jordan,news,27
Jordan,reality-tv,36
Jordan,romance,481
Jordan,sci-fi,48
Jordan,short,466
Jordan,sport,19
Jordan,talk-show,135
Jordan,thriller,160
Jordan,war,30
Jordan,western,235
Kenya,action,496
Kenya,adult,22
Kenya,adventure,265
Kenya,animation,105
Kenya,biography,43
Kenya,comedy,640
Kenya,crime,431
Kenya,documentary,196
Kenya,drama,1095
Kenya,family,111
Kenya,fantasy,121
Kenya,film-noir,9
Kenya,game-show,18
Kenya,history,48
Kenya,horror,91
Kenya,music,53
Kenya,musical,57
Kenya,mystery,158
Kenya,news,27
Kenya,reality-tv,68
Kenya,romance,315
Kenya,sci-fi,47
Kenya,short,233
Kenya,sport,29
Kenya,talk-show,111
Kenya,thriller,218
Kenya,war,25
Kenya,western,12
Kuwait,action,575
Kuwait,adult,13
Kuwait,adventure,336
Kuwait,animation,172
Kuwait,biography,53
Kuwait,comedy,650
Kuwait,crime,425
Kuwait,documentary,165
Kuwait,drama,1091
Kuwait,family,138
Kuwait,fantasy,158
Kuwait,film-noir,12
Kuwait,game-show,17
Kuwait,history,58
Kuwait,horror,127
Kuwait,music,40
Kuwait,musical,52
Kuwait,mystery,179
Kuwait,news,27
Kuwait,reality-tv,41
Kuwait,romance,276
Kuwait,sci-fi,54
Kuwait,short,271
Kuwait,sport,21
Kuwait,talk-show,134
Kuwait,thriller,199
Kuwait,war,29
Kuwait,western,28
Latvia,action,378
Latvia,adult,17
Latvia,adventure,372
Latvia,animation,251
Latvia,biography,42
Latvia,comedy,752
Latvia,crime,311
Latvia,documentary,213
Latvia,drama,817
Latvia,family,126
Latvia,fantasy,122
Latvia,film-noir,11
Latvia,game-show,16
Latvia,history,40
Latvia,horror,125
Latvia,music,62
Latvia,musical,84
Latvia,mystery,151
Latvia,news,33
Latvia,reality-tv,61
Latvia,romance,355
Latvia,sci-fi,53
Latvia,short,337
Latvia,sport,36
Latvia,talk-show,167
Latvia,thriller,93
Latvia,war,30
Latvia,western,114
Lebanon,action,474
Lebanon,adult,20
Lebanon,adventure,289
Lebanon,animation,101
Lebanon,biography,44
Lebanon,comedy,629
Lebanon,crime,394
Lebanon,documentary,183
Lebanon,drama,1089
Lebanon,family,126
Lebanon,fantasy,123
Lebanon,film-noir,8
Lebanon,game-show,7
Lebanon,history,62
Lebanon,horror,110
Lebanon,music,68
Lebanon,musical,79
Lebanon,mystery,155
Lebanon,news,31
Lebanon,reality-tv,33
Lebanon,romance,358
Lebanon,sci-fi,48
Lebanon,short,317
Lebanon,sport,24
Lebanon,talk-show,143
Lebanon,thriller,187
Lebanon,war,30
Lebanon,western,38
Lithuania,action,349
Lithuania,adult,20
Lithuania,adventure,306
Lithuania,animation,187
Lithuania,biography,48
Lithuania,comedy,737
Lithuania,crime,312
Lithuania,documentary,217
Lithuania,drama,896
Lithuania,family,94
Lithuania,fantasy,127
Lithuania,film-noir,11
Lithuania,game-show,16
Lithuania,history,43
Lithuania,horror,137
Lithuania,music,70
Lithuania,musical,83
Lithuania,mystery,154
Lithuania,news,29
Lithuania,reality-tv,52
Lithuania,romance,398
Lithuania,sci-fi,54
Lithuania,short,332
Lithuania,sport,33
Lithuania,talk-show,146
Lithuania,thriller,107
Lithuania,war,46
Lithuania,western,124
Luxembourg,action,429
Luxembourg,adult,23
Luxembourg,adventure,311
Luxembourg,animation,127
Luxembourg,biography,47
Luxembourg,comedy,665
Luxembourg,crime,457
Luxembourg,documentary,231
Luxembourg,drama,1033
Luxembourg,family,124
Luxembourg,fantasy,115
Luxembourg,film-noir,8
Luxembourg,game-show,14
Luxembourg,history,50
Luxembourg,horror,108
Luxembourg,music,72
Luxembourg,musical,56
Luxembourg,mystery,189
Luxembourg,news,30
Luxembourg,reality-tv,52
Luxembourg,romance,296
Luxembourg,sci-fi,51
Luxembourg,short,280
Luxembourg,sport,43
Luxembourg,talk-show,136
Luxembourg,thriller,159
Luxembourg,war,34
Luxembourg,western,16
Malaysia,action,709
Malaysia,adult,2
Malaysia,adventure,368
Malaysia,animation,237
Malaysia,biography,41
Malaysia,comedy,730
Malaysia,crime,403
Malaysia,documentary,97
Malaysia,drama,1132
Malaysia,family,121
Malaysia,fantasy,254
Malaysia,film-noir,7
Malaysia,game-show,14
Malaysia,history,64
Malaysia,horror,142
Malaysia,music,39
Malaysia,musical,56
Malaysia,mystery,148
Malaysia,news,15
Malaysia,reality-tv,30
Malaysia,romance,453
Malaysia,sci-fi,42
Malaysia,short,176
Malaysia,sport,18
Malaysia,talk-show,99
Malaysia,thriller,208
Malaysia,war,18
Malaysia,western,4
Maldives,action,624
Maldives,adult,9
Maldives,adventure,278
Maldives,animation,158
Maldives,biography,55
Maldives,comedy,679
Maldives,crime,461
Maldives,documentary,160
Maldives,drama,1162
Maldives,family,105
Maldives,fantasy,179
Maldives,film-noir,7
Maldives,game-show,10
Maldives,history,46
Maldives,horror,115
Maldives,music,69
Maldives,musical,87
Maldives,mystery,163
Maldives,news,30
Maldives,reality-tv,32
Maldives,romance,395
Maldives,sci-fi,48
Maldives,short,214
Maldives,sport,24
Maldives,talk-show,109
Maldives,thriller,208
Maldives,war,17
Maldives,western,7
Malta,action,403
Malta,adult,20
Malta,adventure,250
Malta,animation,110
Malta,biography,64
Malta,comedy,647
Malta,crime,465
Malta,documentary,262
Malta,drama,1058
Malta,family,100
Malta,fantasy,88
Malta,film-noir,8
Malta,game-show,17
Malta,history,68
Malta,horror,100
Malta,music,67
Malta,musical,62
Malta,mystery,169
Malta,news,28
Malta,reality-tv,56
Malta,romance,306
Malta,sci-fi,50
Malta,short,264
Malta,sport,43
Malta,talk-show,139
Malta,thriller,172
Malta,war,34
Malta,western,8
Martinique,action,542
Martinique,adult,18
Martinique,adventure,351
Martinique,animation,174
Martinique,biography,32
Martinique,comedy,661
Martinique,crime,439
Martinique,documentary,133
Martinique,drama,1095
Martinique,family,121
Martinique,fantasy,114
Martinique,film-noir,9
Martinique,game-show,11
Martinique,history,33
Martinique,horror,101
Martinique,music,80
Martinique,musical,32
Martinique,mystery,153
Martinique,news,26
Martinique,reality-tv,59
Martinique,romance,296
Martinique,sci-fi,68
Martinique,short,265
Martinique,sport,26
Martinique,talk-show,149
Martinique,thriller,205
Martinique,war,10
Martinique,western,16
Mauritius,action,569
Mauritius,adult,20
Mauritius,adventure,319
Mauritius,animation,144
Mauritius,biography,45
Mauritius,comedy,652
Mauritius,crime,448
Mauritius,documentary,157
Mauritius,drama,1096
Mauritius,family,121
Mauritius,fantasy,150
Mauritius,film-noir,9
Mauritius,game-show,15
Mauritius,history,31
Mauritius,horror,119
Mauritius,music,62
Mauritius,musical,66
Mauritius,mystery,176
Mauritius,news,29
Mauritius,reality-tv,46
Mauritius,romance,310
Mauritius,sci-fi,61
Mauritius,short,255
Mauritius,sport,21
Mauritius,talk-show,133
Mauritius,thriller,200
Mauritius,war,10
Mauritius,western,6
Mexico,action,422
Mexico,adult,15
Mexico,adventure,342
Mexico,animation,260
Mexico,biography,65
Mexico,comedy,699
Mexico,crime,392
Mexico,documentary,163
Mexico,drama,1178
Mexico,family,145
Mexico,fantasy,106
Mexico,film-noir,7
Mexico,game-show,13
Mexico,history,53
Mexico,horror,110
Mexico,music,49
Mexico,musical,43
Mexico,mystery,149
Mexico,news,27
Mexico,reality-tv,44
Mexico,romance,367
Mexico,sci-fi,47
Mexico,short,282
Mexico,sport,22
Mexico,talk-show,125
Mexico,thriller,177
Mexico,war,28
Mexico,western,11
Morocco,action,580
Morocco,adult,19
Morocco,adventure,296
Morocco,animation,138
Morocco,biography,48
Morocco,comedy,617
Morocco,crime,512
Morocco,documentary,134
Morocco,drama,1194
Morocco,family,110
Morocco,fantasy,124
Morocco,film-noir,10
Morocco,game-show,11
Morocco,history,62
Morocco,horror,101
Morocco,music,65
Morocco,musical,71
Morocco,mystery,202
Morocco,news,26
Morocco,reality-tv,53
Morocco,romance,291
Morocco,sci-fi,56
Morocco,short,225
Morocco,sport,40
Morocco,talk-show,109
Morocco,thriller,215
Morocco,war,18
Morocco,western,12
Netherlands,action,395
Netherlands,adult,17
Netherlands,adventure,295
Netherlands,animation,127
Netherlands,biography,61
Netherlands,comedy,640
Netherlands,crime,454
Netherlands,documentary,228
Netherlands,drama,1099
Netherlands,family,117
Netherlands,fantasy,100
Netherlands,film-noir,10
Netherlands,game-show,4
Netherlands,history,82
Netherlands,horror,109
Netherlands,music,22
Netherlands,musical,23
Netherlands,mystery,188
Netherlands,news,35
Netherlands,reality-tv,43
Netherlands,romance,300
Netherlands,sci-fi,44
Netherlands,short,246
Netherlands,sport,49
Netherlands,talk-show,144
Netherlands,thriller,195
Netherlands,war,52
Netherlands,western,14
New Caledonia,action,611
New Caledonia,adult,11
New Caledonia,adventure,404
New Caledonia,animation,202
New Caledonia,biography,38
New Caledonia,comedy,609
New Caledonia,crime,425
New Caledonia,documentary,160
New Caledonia,drama,1033
New Caledonia,family,124
New Caledonia,fantasy,142
New Caledonia,film-noir,8
New Caledonia,game-show,10
New Caledonia,history,46
New Caledonia,horror,107
New Caledonia,music,74
New Caledonia,musical,64
New Caledonia,mystery,159
New Caledonia,news,33
New Caledonia,reality-tv,52
New Caledonia,romance,251
New Caledonia,sci-fi,85
New Caledonia,short,268
New Caledonia,sport,19
New Caledonia,talk-show,157
New Caledonia,thriller,185
New Caledonia,war,21
New Caledonia,western,10
New Zealand,action,453
New Zealand,adult,16
New Zealand,adventure,349
New Zealand,animation,224
New Zealand,biography,56
New Zealand,comedy,634
New Zealand,crime,413
New Zealand,documentary,278
New Zealand,drama,969
New Zealand,family,136
New Zealand,fantasy,107
New Zealand,film-noir,9
New Zealand,game-show,19
New Zealand,history,73
New Zealand,horror,88
New Zealand,music,25
New Zealand,musical,39
New Zealand,mystery,146
New Zealand,news,28
New Zealand,reality-tv,96
New Zealand,romance,222
New Zealand,sci-fi,38
New Zealand,short,242
New Zealand,sport,53
New Zealand,talk-show,171
New Zealand,thriller,137
New Zealand,war,38
New Zealand,western,20
Nicaragua,action,393
Nicaragua,adult,14
Nicaragua,adventure,247
Nicaragua,animation,164
Nicaragua,biography,159
Nicaragua,comedy,631
Nicaragua,crime,441
Nicaragua,documentary,93
Nicaragua,drama,1423
Nicaragua,family,117
Nicaragua,fantasy,104
Nicaragua,film-noir,7
Nicaragua,game-show,4
Nicaragua,history,44
Nicaragua,horror,95
Nicaragua,music,73
Nicaragua,musical,17
Nicaragua,mystery,128
Nicaragua,news,28
Nicaragua,reality-tv,26
Nicaragua,romance,560
Nicaragua,sci-fi,47
Nicaragua,short,208
Nicaragua,sport,20
Nicaragua,talk-show,104
Nicaragua,thriller,176
Nicaragua,war,25
Nicaragua,western,14
Nigeria,action,545
Nigeria,adult,19
Nigeria,adventure,234
Nigeria,animation,77
Nigeria,biography,36
Nigeria,comedy,648
Nigeria,crime,383
Nigeria,documentary,125
Nigeria,drama,1258
Nigeria,family,86
Nigeria,fantasy,235
Nigeria,film-noir,10
Nigeria,history,65
Nigeria,horror,91
Nigeria,music,46
Nigeria,musical,47
Nigeria,mystery,115
Nigeria,news,33
Nigeria,reality-tv,17
Nigeria,romance,378
Nigeria,sci-fi,35
Nigeria,short,209
Nigeria,sport,21
Nigeria,talk-show,91
Nigeria,thriller,225
Nigeria,war,18
Nigeria,western,9
Norway,action,439
Norway,adult,12
Norway,adventure,309
Norway,animation,185
Norway,biography,71
Norway,comedy,575
Norway,crime,456
Norway,documentary,325
Norway,drama,1027
Norway,family,137
Norway,fantasy,109
Norway,film-noir,9
Norway,game-show,10
Norway,history,76
Norway,horror,99
Norway,music,56
Norway,musical,50
Norway,mystery,171
Norway,news,35
Norway,reality-tv,63
Norway,romance,280
Norway,sci-fi,35
Norway,short,244
Norway,sport,63
Norway,talk-show,117
Norway,thriller,159
Norway,war,43
Norway,western,29
Oman,action,792
Oman,adult,11
Oman,adventure,499
Oman,animation,120
Oman,biography,63
Oman,comedy,543
Oman,crime,445
Oman,documentary,145
Oman,drama,1305
Oman,family,115
Oman,fantasy,156
Oman,film-noir,8
Oman,game-show,10
Oman,history,65
Oman,horror,96
Oman,music,36
Oman,musical,43
Oman,mystery,158
Oman,news,29
Oman,reality-tv,23
Oman,romance,253
Oman,sci-fi,47
Oman,short,241
Oman,sport,25
Oman,talk-show,114
Oman,thriller,238
Oman,war,30
Oman,western,8
Pakistan,action,786
Pakistan,adult,4
Pakistan,adventure,235
Pakistan,animation,88
Pakistan,biography,62
Pakistan,comedy,649
Pakistan,crime,683
Pakistan,documentary,128
Pakistan,drama,1230
Pakistan,family,99
Pakistan,fantasy,158
Pakistan,film-noir,7
Pakistan,game-show,8
Pakistan,history,43
Pakistan,horror,104
Pakistan,music,54
Pakistan,musical,65
Pakistan,mystery,178
Pakistan,news,41
Pakistan,reality-tv,18
Pakistan,romance,266
Pakistan,sci-fi,56
Pakistan,short,216
Pakistan,sport,28
Pakistan,talk-show,143
Pakistan,thriller,233
Pakistan,war,15
Pakistan,western,6
Panama,action,426
Panama,adult,15
Panama,adventure,294
Panama,animation,173
Panama,biography,153
Panama,comedy,601
Panama,crime,451
Panama,documentary,144
Panama,drama,1308
Panama,family,120
Panama,fantasy,94
Panama,film-noir,6
Panama,game-show,10
Panama,history,47
Panama,horror,97
Panama,music,69
Panama,musical,22
Panama,mystery,134
Panama,news,29
Panama,reality-tv,34
Panama,romance,437
Panama,sci-fi,49
Panama,short,240
Panama,sport,26
Panama,talk-show,123
Panama,thriller,176
Panama,war,29
Panama,western,12
Paraguay,action,399
Paraguay,adult,16
Paraguay,adventure,272
Paraguay,animation,164
Paraguay,biography,161
Paraguay,comedy,611
Paraguay,crime,460
Paraguay,documentary,128
Paraguay,drama,1359
Paraguay,family,112
Paraguay,fantasy,81
Paraguay,film-noir,7
Paraguay,game-show,7
Paraguay,history,44
Paraguay,horror,100
Paraguay,music,80
Paraguay,musical,18
Paraguay,mystery,155
Paraguay,news,27
Paraguay,reality-tv,31
Paraguay,romance,476
Paraguay,sci-fi,48
Paraguay,short,228
Paraguay,sport,22
Paraguay,talk-show,116
Paraguay,thriller,181
Paraguay,war,29
Paraguay,western,13
Peru,action,481
Peru,adult,14
Peru,adventure,289
Peru,animation,212
Peru,biography,141
Peru,comedy,660
Peru,crime,466
Peru,documentary,107
Peru,drama,1354
Peru,family,115
Peru,fantasy,121
Peru,film-noir,6
Peru,game-show,5
Peru,history,46
Peru,horror,95
Peru,music,70
Peru,musical,23
Peru,mystery,117
Peru,news,23
Peru,reality-tv,29
Peru,romance,511
Peru,sci-fi,57
Peru,short,213
Peru,sport,21
Peru,talk-show,109
Peru,thriller,178
Peru,war,25
Peru,western,12
Philippines,action,615
Philippines,adult,12
Philippines,adventure,295
Philippines,animation,186
Philippines,biography,20
Philippines,comedy,742
Philippines,crime,284
Philippines,documentary,118
Philippines,drama,1165
Philippines,family,114
Philippines,fantasy,224
Philippines,film-noir,8
Philippines,game-show,11
Philippines,history,54
Philippines,horror,147
Philippines,music,45
Philippines,musical,51
Philippines,mystery,126
Philippines,news,20
Philippines,reality-tv,24
Philippines,romance,539
Philippines,sci-fi,59
Philippines,short,236
Philippines,sport,17
Philippines,talk-show,107
Philippines,thriller,197
Philippines,war,25
Philippines,western,5
Poland,action,368
Poland,adult,15
Poland,adventure,449
Poland,animation,298
Poland,biography,55
Poland,comedy,743
Poland,crime,382
Poland,documentary,178
Poland,drama,1014
Poland,family,101
Poland,fantasy,100
Poland,film-noir,9
Poland,game-show,11
Poland,history,51
Poland,horror,125
Poland,music,72
Poland,musical,73
Poland,mystery,189
Poland,news,29
Poland,reality-tv,31
Poland,romance,294
Poland,sci-fi,58
Poland,short,290
Poland,sport,29
Poland,talk-show,100
Poland,thriller,174
Poland,war,30
Poland,western,14
Portugal,action,398
Portugal,adult,22
Portugal,adventure,264
Portugal,animation,116
Portugal,biography,43
Portugal,comedy,632
Portugal,crime,408
Portugal,documentary,216
Portugal,drama,1055
Portugal,family,146
Portugal,fantasy,88
Portugal,film-noir,11
Portugal,game-show,15
Portugal,history,66
Portugal,horror,105
Portugal,music,129
Portugal,musical,101
Portugal,mystery,175
Portugal,news,32
Portugal,reality-tv,61
Portugal,romance,371
Portugal,sci-fi,53
Portugal,short,270
Portugal,sport,41
Portugal,talk-show,140
Portugal,thriller,153
Portugal,war,32
Portugal,western,15
Qatar,action,549
Qatar,adult,15
Qatar,adventure,293
Qatar,animation,124
Qatar,biography,56
Qatar,comedy,645
Qatar,crime,435
Qatar,documentary,185
Qatar,drama,1147
Qatar,family,124
Qatar,fantasy,174
Qatar,film-noir,7
Qatar,game-show,20
Qatar,history,63
Qatar,horror,97
Qatar,music,49
Qatar,musical,62
Qatar,mystery,163
Qatar,news,28
Qatar,reality-tv,55
Qatar,romance,335
Qatar,sci-fi,46
Qatar,short,251
Qatar,sport,37
Qatar,talk-show,122
Qatar,thriller,232
Qatar,war,25
Qatar,western,7
Romania,action,483
Romania,adult,20
Romania,adventure,295
Romania,animation,122
Romania,biography,44
Romania,comedy,583
Romania,crime,414
Romania,documentary,200
Romania,drama,1112
Romania,family,103
Romania,fantasy,117
Romania,film-noir,10
Romania,game-show,6
Romania,history,78
Romania,horror,99
Romania,music,75
Romania,musical,74
Romania,mystery,186
Romania,news,30
Romania,reality-tv,27
Romania,romance,348
Romania,sci-fi,61
Romania,short,286
Romania,sport,27
Romania,talk-show,134
Romania,thriller,215
Romania,war,32
Romania,western,15
Russia,action,221
Russia,adult,1
Russia,adventure,117
Russia,animation,67
Russia,biography,12
Russia,comedy,166
Russia,crime,191
Russia,documentary,30
Russia,drama,327
Russia,family,41
Russia,fantasy,35
Russia,film-noir,10
Russia,history,8
Russia,horror,45
Russia,music,12
Russia,musical,14
Russia,mystery,63
Russia,news,35
Russia,romance,39
Russia,sci-fi,29
Russia,short,81
Russia,sport,24
Russia,talk-show,31
Russia,thriller,27
Russia,war,3
Russia,western,6
Réunion,action,517
Réunion,adult,17
Réunion,adventure,368
Réunion,animation,182
Réunion,biography,30
Réunion,comedy,674
Réunion,crime,393
Réunion,documentary,138
Réunion,drama,1049
Réunion,family,143
Réunion,fantasy,145
Réunion,film-noir,8
Réunion,game-show,10
Réunion,history,38
Réunion,horror,124
Réunion,music,89
Réunion,musical,55
Réunion,mystery,152
Réunion,news,28
Réunion,reality-tv,47
Réunion,romance,277
Réunion,sci-fi,84
Réunion,short,280
Réunion,sport,26
Réunion,talk-show,149
Réunion,thriller,180
Réunion,war,17
Réunion,western,7
Saudi Arabia,action,598
Saudi Arabia,adult,18
Saudi Arabia,adventure,283
Saudi Arabia,animation,135
Saudi Arabia,biography,51
Saudi Arabia,comedy,628
Saudi Arabia,crime,485
Saudi Arabia,documentary,150
Saudi Arabia,drama,1180
Saudi Arabia,family,103
Saudi Arabia,fantasy,152
Saudi Arabia,film-noir,13
Saudi Arabia,game-show,7
Saudi Arabia,history,64
Saudi Arabia,horror,127
Saudi Arabia,music,34
Saudi Arabia,musical,41
Saudi Arabia,mystery,185
Saudi Arabia,news,31
Saudi Arabia,reality-tv,33
Saudi Arabia,romance,281
Saudi Arabia,sci-fi,53
Saudi Arabia,short,277
Saudi Arabia,sport,25
Saudi Arabia,talk-show,128
Saudi Arabia,thriller,226
Saudi Arabia,war,31
Saudi Arabia,western,12
Serbia,action,416
Serbia,adult,23
Serbia,adventure,293
Serbia,animation,143
Serbia,biography,55
Serbia,comedy,674
Serbia,crime,427
Serbia,documentary,211
Serbia,drama,1045
Serbia,family,86
Serbia,fantasy,92
Serbia,film-noir,11
Serbia,game-show,8
Serbia,history,58
Serbia,horror,107
Serbia,music,58
Serbia,musical,61
Serbia,mystery,207
Serbia,news,43
Serbia,reality-tv,37
Serbia,romance,337
Serbia,sci-fi,51
Serbia,short,263
Serbia,sport,48
Serbia,talk-show,168
Serbia,thriller,163
Serbia,war,27
Serbia,western,13
Singapore,action,593
Singapore,adult,3
Singapore,adventure,275
Singapore,animation,136
Singapore,biography,50
Singapore,comedy,683
Singapore,crime,382
Singapore,documentary,161
Singapore,drama,1107
Singapore,family,91
Singapore,fantasy,230
Singapore,film-noir,7
Singapore,game-show,33
Singapore,history,73
Singapore,horror,126
Singapore,music,53
Singapore,musical,58
Singapore,mystery,143
Singapore,news,22
Singapore,reality-tv,89
Singapore,romance,418
Singapore,sci-fi,46
Singapore,short,210
Singapore,sport,30
Singapore,talk-show,104
Singapore,thriller,197
Singapore,war,22
Singapore,western,3
Slovakia,action,455
Slovakia,adult,23
Slovakia,adventure,381
Slovakia,animation,244
Slovakia,biography,63
Slovakia,comedy,670
Slovakia,crime,404
Slovakia,documentary,217
Slovakia,drama,982
Slovakia,family,119
Slovakia,fantasy,90
Slovakia,film-noir,11
Slovakia,game-show,17
Slovakia,history,58
Slovakia,horror,136
Slovakia,music,57
Slovakia,musical,58
Slovakia,mystery,192
Slovakia,news,40
Slovakia,reality-tv,59
Slovakia,romance,291
Slovakia,sci-fi,39
Slovakia,short,245
Slovakia,sport,47
Slovakia,talk-show,132
Slovakia,thriller,149
Slovakia,war,34
Slovakia,western,15
Slovenia,action,387
Slovenia,adult,18
Slovenia,adventure,284
Slovenia,animation,129
Slovenia,biography,52
Slovenia,comedy,723
Slovenia,crime,379
Slovenia,documentary,282
Slovenia,drama,933
Slovenia,family,95
Slovenia,fantasy,96
Slovenia,film-noir,11
Slovenia,game-show,20
Slovenia,history,57
Slovenia,horror,117
Slovenia,music,66
Slovenia,musical,63
Slovenia,mystery,161
Slovenia,news,41
Slovenia,reality-tv,60
Slovenia,romance,314
Slovenia,sci-fi,44
Slovenia,short,252
Slovenia,sport,53
Slovenia,talk-show,179
Slovenia,thriller,129
Slovenia,war,34
Slovenia,western,14
South Africa,action,411
South Africa,adult,23
South Africa,adventure,268
South Africa,animation,147
South Africa,biography,47
South Africa,comedy,634
South Africa,crime,390
South Africa,documentary,220
South Africa,drama,1013
South Africa,family,152
South Africa,fantasy,102
South Africa,film-noir,9
South Africa,game-show,25
South Africa,history,46
South Africa,horror,92
South Africa,music,64
South Africa,musical,68
South Africa,mystery,156
South Africa,news,37
South Africa,reality-tv,96
South Africa,romance,296
South Africa,sci-fi,35
South Africa,short,239
South Africa,sport,30
South Africa,talk-show,146
South Africa,thriller,153
South Africa,war,25
South Africa,western,15
South Korea,action,571
South Korea,adult,12
South Korea,adventure,207
South Korea,animation,113
South Korea,biography,33
South Korea,comedy,644
South Korea,crime,324
South Korea,documentary,74
South Korea,drama,1149
South Korea,family,65
South Korea,fantasy,244
South Korea,film-noir,7
South Korea,game-show,29
South Korea,history,53
South Korea,horror,119
South Korea,music,18
South Korea,musical,6
South Korea,mystery,133
South Korea,news,14
South Korea,reality-tv,79
South Korea,romance,411
South Korea,sci-fi,29
South Korea,short,181
South Korea,sport,14
South Korea,talk-show,94
South Korea,thriller,278
South Korea,war,21
South Korea,western,9
Spain,action,382
Spain,adult,19
Spain,adventure,253
Spain,animation,96
Spain,biography,66
Spain,comedy,611
Spain,crime,435
Spain,documentary,166
Spain,drama,1171
Spain,family,99
Spain,fantasy,83
Spain,film-noir,8
Spain,game-show,10
Spain,history,53
Spain,horror,112
Spain,music,113
Spain,musical,50
Spain,mystery,179
Spain,news,29
Spain,reality-tv,51
Spain,romance,382
Spain,sci-fi,47
Spain,short,282
Spain,sport,32
Spain,talk-show,133
Spain,thriller,174
Spain,war,28
Spain,western,17
Sri Lanka,action,523
Sri Lanka,adult,9
Sri Lanka,adventure,231
Sri Lanka,animation,112
Sri Lanka,biography,66
Sri Lanka,comedy,674
Sri Lanka,crime,417
Sri Lanka,documentary,182
Sri Lanka,drama,1215
Sri Lanka,family,106
Sri Lanka,fantasy,158
Sri Lanka,film-noir,7
Sri Lanka,game-show,5
Sri Lanka,history,49
Sri Lanka,horror,97
Sri Lanka,music,52
Sri Lanka,musical,71
Sri Lanka,mystery,156
Sri Lanka,news,35
Sri Lanka,reality-tv,21
Sri Lanka,romance,443
Sri Lanka,sci-fi,39
Sri Lanka,short,250
Sri Lanka,sport,30
Sri Lanka,talk-show,124
Sri Lanka,thriller,209
Sri Lanka,war,25
Sri Lanka,western,7
Sweden,action,460
Sweden,adult,13
Sweden,adventure,327
Sweden,animation,196
Sweden,biography,82
Sweden,comedy,594
Sweden,crime,459
Sweden,documentary,304
Sweden,drama,1008
Sweden,family,114
Sweden,fantasy,106
Sweden,film-noir,10
Sweden,game-show,11
Sweden,history,76
Sweden,horror,107
Sweden,music,72
Sweden,musical,64
Sweden,mystery,177
Sweden,news,36
Sweden,reality-tv,59
Sweden,romance,262
Sweden,sci-fi,39
Sweden,short,242
Sweden,sport,51
Sweden,talk-show,123
Sweden,thriller,165
Sweden,war,42
Sweden,western,22
Switzerland,action,439
Switzerland,adult,20
Switzerland,adventure,313
Switzerland,animation,117
Switzerland,biography,56
Switzerland,comedy,671
Switzerland,crime,443
Switzerland,documentary,248
Switzerland,drama,1002
Switzerland,family,112
Switzerland,fantasy,112
Switzerland,film-noir,11
Switzerland,game-show,14
Switzerland,history,50
Switzerland,horror,96
Switzerland,music,59
Switzerland,musical,48
Switzerland,mystery,169
Switzerland,news,33
Switzerland,reality-tv,50
Switzerland,romance,300
Switzerland,sci-fi,56
Switzerland,short,292
Switzerland,sport,48
Switzerland,talk-show,140
Switzerland,thriller,154
Switzerland,war,37
Switzerland,western,14
Taiwan,action,583
Taiwan,adult,6
Taiwan,adventure,253
Taiwan,animation,169
Taiwan,biography,31
Taiwan,comedy,686
Taiwan,crime,344
Taiwan,documentary,73
Taiwan,drama,1236
Taiwan,family,72
Taiwan,fantasy,235
Taiwan,film-noir,6
Taiwan,game-show,11
Taiwan,history,70
Taiwan,horror,102
Taiwan,music,28
Taiwan,musical,22
Taiwan,mystery,178
Taiwan,news,14
Taiwan,reality-tv,21
Taiwan,romance,562
Taiwan,sci-fi,65
Taiwan,short,231
Taiwan,sport,29
Taiwan,talk-show,106
Taiwan,thriller,169
Taiwan,war,29
Taiwan,western,6
Thailand,action,686
Thailand,adult,19
Thailand,adventure,335
Thailand,animation,186
Thailand,biography,30
Thailand,comedy,800
Thailand,crime,327
Thailand,documentary,63
Thailand,drama,1073
Thailand,family,99
Thailand,fantasy,292
Thailand,film-noir,9
Thailand,game-show,8
Thailand,history,92
Thailand,horror,172
Thailand,music,32
Thailand,musical,33
Thailand,mystery,148
Thailand,news,21
Thailand,reality-tv,18
Thailand,romance,530
Thailand,sci-fi,61
Thailand,short,178
Thailand,sport,11
Thailand,talk-show,121
Thailand,thriller,188
Thailand,war,14
Thailand,western,8
Trinidad and Tobago,action,534
Trinidad and Tobago,adult,25
Trinidad and Tobago,adventure,336
Trinidad and Tobago,animation,159
Trinidad and Tobago,biography,37
Trinidad and Tobago,comedy,618
Trinidad and Tobago,crime,400
Trinidad and Tobago,documentary,162
Trinidad and Tobago,drama,1118
Trinidad and Tobago,family,118
Trinidad and Tobago,fantasy,104
Trinidad and Tobago,film-noir,9
Trinidad and Tobago,game-show,20
Trinidad and Tobago,history,48
Trinidad and Tobago,horror,90
Trinidad and Tobago,music,27
Trinidad and Tobago,musical,18
Trinidad and Tobago,mystery,171
Trinidad and Tobago,news,33
Trinidad and Tobago,reality-tv,60
Trinidad and Tobago,romance,312
Trinidad and Tobago,sci-fi,54
Trinidad and Tobago,short,265
Trinidad and Tobago,sport,31
Trinidad and Tobago,talk-show,159
Trinidad and Tobago,thriller,192
Trinidad and Tobago,war,21
Trinidad and Tobago,western,21
Turkey,action,443
Turkey,adult,23
Turkey,adventure,315
Turkey,animation,121
Turkey,biography,57
Turkey,comedy,731
Turkey,crime,368
Turkey,documentary,152
Turkey,drama,1120
Turkey,family,120
Turkey,fantasy,142
Turkey,film-noir,8
Turkey,game-show,5
Turkey,history,57
Turkey,horror,132
Turkey,music,32
Turkey,musical,23
Turkey,mystery,204
Turkey,news,34
Turkey,reality-tv,30
Turkey,romance,312
Turkey,sci-fi,66
Turkey,short,291
Turkey,sport,46
Turkey,talk-show,121
Turkey,thriller,169
Turkey,war,26
Turkey,western,18
Ukraine,action,546
Ukraine,adult,10
Ukraine,adventure,406
Ukraine,animation,228
Ukraine,biography,44
Ukraine,comedy,684
Ukraine,crime,417
Ukraine,documentary,114
Ukraine,drama,988
Ukraine,family,112
Ukraine,fantasy,130
Ukraine,film-noir,12
Ukraine,history,52
Ukraine,horror,116
Ukraine,music,51
Ukraine,musical,50
Ukraine,mystery,169
Ukraine,news,90
Ukraine,reality-tv,7
Ukraine,romance,245
Ukraine,sci-fi,48
Ukraine,short,211
Ukraine,sport,45
Ukraine,talk-show,237
Ukraine,thriller,119
Ukraine,war,33
Ukraine,western,17
United Arab Emirates,action,543
United Arab Emirates,adult,14
United Arab Emirates,adventure,296
United Arab Emirates,animation,131
United Arab Emirates,biography,61
United Arab Emirates,comedy,635
United Arab Emirates,crime,448
United Arab Emirates,documentary,204
United Arab Emirates,drama,1126
United Arab Emirates,family,131
United Arab Emirates,fantasy,166
United Arab Emirates,film-noir,7
United Arab Emirates,game-show,25
United Arab Emirates,history,55
United Arab Emirates,horror,94
United Arab Emirates,music,49
United Arab Emirates,musical,58
United Arab Emirates,mystery,168
United Arab Emirates,news,33
United Arab Emirates,reality-tv,70
United Arab Emirates,romance,323
United Arab Emirates,sci-fi,45
United Arab Emirates,short,246
United Arab Emirates,sport,40
United Arab Emirates,talk-show,117
United Arab Emirates,thriller,231
United Arab Emirates,war,25
United Arab Emirates,western,7
United Kingdom,action,366
United Kingdom,adult,13
United Kingdom,adventure,337
United Kingdom,animation,179
United Kingdom,biography,62
United Kingdom,comedy,674
United Kingdom,crime,447
United Kingdom,documentary,277
United Kingdom,drama,934
United Kingdom,family,172
United Kingdom,fantasy,150
United Kingdom,film-noir,11
United Kingdom,game-show,14
United Kingdom,history,56
United Kingdom,horror,134
United Kingdom,music,26
United Kingdom,musical,39
United Kingdom,mystery,179
United Kingdom,news,33
United Kingdom,reality-tv,87
United Kingdom,romance,227
United Kingdom,sci-fi,35
United Kingdom,short,221
United Kingdom,sport,62
United Kingdom,talk-show,164
United Kingdom,thriller,166
United Kingdom,war,34
United Kingdom,western,22
United States,action,373
United States,adult,13
United States,adventure,337
United States,animation,238
United States,biography,62
United States,comedy,709
United States,crime,416
United States,documentary,278
United States,drama,918
United States,family,183
United States,fantasy,80
United States,film-noir,11
United States,game-show,37
United States,history,57
United States,horror,113
United States,music,40
United States,musical,15
United States,mystery,158
United States,news,30
United States,reality-tv,101
United States,romance,244
United States,sci-fi,61
United States,short,196
United States,sport,100
United States,talk-show,159
United States,thriller,126
United States,war,26
United States,western,18
Uruguay,action,360
Uruguay,adult,18
Uruguay,adventure,256
Uruguay,animation,140
Uruguay,biography,83
Uruguay,comedy,597
Uruguay,crime,463
Uruguay,documentary,157
Uruguay,drama,1294
Uruguay,family,116
Uruguay,fantasy,69
Uruguay,film-noir,8
Uruguay,game-show,9
Uruguay,history,50
Uruguay,horror,103
Uruguay,music,96
Uruguay,musical,23
Uruguay,mystery,209
Uruguay,news,26
Uruguay,reality-tv,31
Uruguay,romance,350
Uruguay,sci-fi,47
Uruguay,short,292
Uruguay,sport,21
Uruguay,talk-show,115
Uruguay,thriller,192
Uruguay,war,30
Uruguay,western,19
Venezuela,action,441
Venezuela,adult,13
Venezuela,adventure,225
Venezuela,animation,126
Venezuela,biography,167
Venezuela,comedy,558
Venezuela,crime,511
Venezuela,documentary,128
Venezuela,drama,1405
Venezuela,family,104
Venezuela,fantasy,75
Venezuela,film-noir,10
Venezuela,game-show,8
Venezuela,history,37
Venezuela,horror,96
Venezuela,music,79
Venezuela,musical,20
Venezuela,mystery,149
Venezuela,news,30
Venezuela,reality-tv,29
Venezuela,romance,420
Venezuela,sci-fi,45
Venezuela,short,258
Venezuela,sport,23
Venezuela,talk-show,113
Venezuela,thriller,191
Venezuela,war,26
Venezuela,western,17
Vietnam,action,674
Vietnam,adult,11
Vietnam,adventure,312
Vietnam,animation,167
Vietnam,biography,23
Vietnam,comedy,853
Vietnam,crime,346
Vietnam,documentary,79
Vietnam,drama,1157
Vietnam,family,98
Vietnam,fantasy,274
Vietnam,film-noir,6
Vietnam,game-show,11
Vietnam,history,79
Vietnam,horror,145
Vietnam,music,19
Vietnam,musical,39
Vietnam,mystery,116
Vietnam,news,16
Vietnam,reality-tv,28
Vietnam,romance,458
Vietnam,sci-fi,43
Vietnam,short,200
Vietnam,sport,8
Vietnam,talk-show,129
Vietnam,thriller,183
Vietnam,war,21
Vietnam,western,9
